RowCount,ArtifactKind,Workload,Category,Scenario,Library,MeanMilliseconds,MedianMilliseconds,StandardDeviationMilliseconds,StandardErrorMilliseconds,RatioToOfficeIMO,RatioToBest,BestLibrary,Outcome,MeanAllocatedBytes,MedianAllocatedBytes,AllocatedRatioToOfficeIMO,PackageBytes,PackageRatioToOfficeIMO,WorksheetCompressedBytes,SharedStringsCompressedBytes,StylesCompressedBytes,TablesCompressedBytes,WorksheetRowCount,WorksheetCellCount,SharedStringCount,UniqueSharedStringCount,CellStyleCount,OutputMetric,Notes,ArtifactPath
100,package-profile,package,Package size,realworld-report-all-in-one,OfficeIMO.Excel,6.124740,6.297100,0.566725,0.253447,1.000000,1.000000,OfficeIMO.Excel,Win,1529283.200000,1529280.000000,1.000000,20239,1.000000,7136,167,493,341,107,826,4,4,5,,"Create a sales workbook with table, AutoFit, freeze panes, filters, conditional formatting, pivot table, chart, and save.",.\Docs\benchmarks\anti-cheat-current\officeimo.excel.anti-cheat-package-100.json
100,package-profile,package,Package size,realworld-report-all-in-one,EPPlus,27.203620,28.038000,3.286461,1.469750,4.441596,4.441596,OfficeIMO.Excel,344.2% slower than OfficeIMO,13902308.800000,13902424.000000,9.090735,16965,0.838233,6109,558,372,339,107,826,53,53,1,,"Create a sales workbook with table, AutoFit, freeze panes, filters, conditional formatting, pivot table, chart, and save.",.\Docs\benchmarks\anti-cheat-current\officeimo.excel.anti-cheat-package-100.json
100,package-profile,package,Package size,realworld-report-chart-first,OfficeIMO.Excel,5.188780,4.774100,0.852319,0.381169,1.000000,1.000000,OfficeIMO.Excel,Win,1529436.800000,1529456.000000,1.000000,20237,1.000000,7135,167,493,341,107,826,4,4,5,,Create the real-world report workbook with chart creation before pivot creation.,.\Docs\benchmarks\anti-cheat-current\officeimo.excel.anti-cheat-package-100.json
100,package-profile,package,Package size,realworld-report-chart-first,EPPlus,24.517620,23.025600,3.360354,1.502796,4.725122,4.725122,OfficeIMO.Excel,372.5% slower than OfficeIMO,13901027.200000,13901024.000000,9.088984,16965,0.838316,6110,558,372,339,107,826,53,53,1,,Create the equivalent real-world report workbook with chart creation before pivot creation.,.\Docs\benchmarks\anti-cheat-current\officeimo.excel.anti-cheat-package-100.json
100,package-profile,package,Package size,realworld-report-extra-column,OfficeIMO.Excel,4.672420,4.051400,0.996121,0.445479,1.000000,1.000000,OfficeIMO.Excel,Win,1572665.600000,1572664.000000,1.000000,20721,1.000000,7495,167,493,350,107,927,4,4,5,,Create the real-world report workbook with an extra derived column.,.\Docs\benchmarks\anti-cheat-current\officeimo.excel.anti-cheat-package-100.json
100,package-profile,package,Package size,realworld-report-extra-column,EPPlus,25.939860,26.069600,1.493380,0.667860,5.551697,5.551697,OfficeIMO.Excel,455.2% slower than OfficeIMO,14198590.400000,14198600.000000,9.028359,17432,0.841272,6535,579,372,348,107,927,54,54,1,,Create the equivalent real-world report workbook with an extra derived column.,.\Docs\benchmarks\anti-cheat-current\officeimo.excel.anti-cheat-package-100.json
100,package-profile,package,Package size,realworld-report-no-autofit,OfficeIMO.Excel,5.266980,5.265600,0.678548,0.303456,1.000000,1.000000,OfficeIMO.Excel,Win,1521912.000000,1521920.000000,1.000000,20112,1.000000,7006,167,493,341,107,826,4,4,5,,Create the real-world report workbook without AutoFit to check the fast path is not tied to width measurement.,.\Docs\benchmarks\anti-cheat-current\officeimo.excel.anti-cheat-package-100.json
100,package-profile,package,Package size,realworld-report-no-autofit,EPPlus,18.887260,18.884100,1.263629,0.565112,3.585975,3.585975,OfficeIMO.Excel,258.6% slower than OfficeIMO,12450688.000000,12450704.000000,8.180951,16899,0.840245,6043,558,372,339,107,826,53,53,1,,Create the equivalent real-world report workbook without AutoFit.,.\Docs\benchmarks\anti-cheat-current\officeimo.excel.anti-cheat-package-100.json
100,package-profile,package,Package size,realworld-report-post-mutation,OfficeIMO.Excel,3.697120,3.687700,0.254631,0.113874,1.000000,1.000000,OfficeIMO.Excel,Win,1538808.000000,1538816.000000,1.000000,20308,1.000000,7175,192,493,341,108,827,4,4,5,,Create the real-world report workbook and then make a normal cell edit after report features are added.,.\Docs\benchmarks\anti-cheat-current\officeimo.excel.anti-cheat-package-100.json
100,package-profile,package,Package size,realworld-report-post-mutation,EPPlus,19.235480,19.184000,0.736225,0.329250,5.202828,5.202828,OfficeIMO.Excel,420.3% slower than OfficeIMO,13901822.400000,13901784.000000,9.034150,17003,0.837256,6120,585,372,339,108,827,53,53,1,,Create the equivalent real-world report workbook and then make a normal cell edit after report features are added.,.\Docs\benchmarks\anti-cheat-current\officeimo.excel.anti-cheat-package-100.json
100,package-profile,package,Package size,realworld-report-shuffled-columns,OfficeIMO.Excel,3.987860,4.091000,0.255272,0.114161,1.000000,1.000000,OfficeIMO.Excel,Win,1527540.800000,1527544.000000,1.000000,20122,1.000000,6883,167,493,340,107,826,4,4,5,,Create the real-world report workbook with the same fields in a different column order.,.\Docs\benchmarks\anti-cheat-current\officeimo.excel.anti-cheat-package-100.json
100,package-profile,package,Package size,realworld-report-shuffled-columns,EPPlus,24.374040,25.060400,1.226277,0.548408,6.112060,6.112060,OfficeIMO.Excel,511.2% slower than OfficeIMO,13896232.000000,13896232.000000,9.097127,17027,0.846188,6176,555,372,338,107,826,53,53,1,,Create the equivalent real-world report workbook with the same fields in a different column order.,.\Docs\benchmarks\anti-cheat-current\officeimo.excel.anti-cheat-package-100.json
100,speed-comparison,other,Real-world report,realworld-report-all-in-one,OfficeIMO.Excel,4.525980,4.507800,0.212832,0.095181,1.000000,1.000000,OfficeIMO.Excel,Win,1533491.200000,1533488.000000,1.000000,,,,,,,,,,,,20223,"Create a sales workbook with table, AutoFit, freeze panes, filters, conditional formatting, pivot table, chart, and save.",.\Docs\benchmarks\anti-cheat-current\officeimo.excel.anti-cheat-speed-100.json
100,speed-comparison,other,Real-world report,realworld-report-all-in-one,EPPlus 4.5.3.3,8.560960,8.359100,0.000000,0.000000,1.891515,1.891515,OfficeIMO.Excel,89.2% slower than OfficeIMO,0.000000,0.000000,,,,,,,,,,,,,14791,"EPPlus 4.x create a sales workbook with table, AutoFit, freeze panes, filters, conditional formatting, data validation, pivot table, chart, and save.",.\Docs\benchmarks\anti-cheat-current\officeimo.excel.anti-cheat-speed-100.json
100,speed-comparison,other,Real-world report,realworld-report-all-in-one,EPPlus,15.591880,15.495600,0.563203,0.251872,3.444973,3.444973,OfficeIMO.Excel,244.5% slower than OfficeIMO,13901937.600000,13901936.000000,9.065548,,,,,,,,,,,,16967,"Create a sales workbook with table, AutoFit, freeze panes, filters, conditional formatting, pivot table, chart, and save.",.\Docs\benchmarks\anti-cheat-current\officeimo.excel.anti-cheat-speed-100.json
100,speed-comparison,other,Anti-cheat report variants,realworld-report-chart-first,OfficeIMO.Excel,5.730800,5.388100,1.466356,0.655775,1.000000,1.000000,OfficeIMO.Excel,Win,1533654.400000,1533640.000000,1.000000,,,,,,,,,,,,20225,Create the real-world report workbook with chart creation before pivot creation.,.\Docs\benchmarks\anti-cheat-current\officeimo.excel.anti-cheat-speed-100.json
100,speed-comparison,other,Anti-cheat report variants,realworld-report-chart-first,EPPlus 4.5.3.3,9.243460,9.161100,0.000000,0.000000,1.612944,1.612944,OfficeIMO.Excel,61.3% slower than OfficeIMO,0.000000,0.000000,,,,,,,,,,,,,14792,EPPlus 4.x create the real-world report workbook with chart creation before pivot creation.,.\Docs\benchmarks\anti-cheat-current\officeimo.excel.anti-cheat-speed-100.json
100,speed-comparison,other,Anti-cheat report variants,realworld-report-chart-first,EPPlus,17.883160,16.947300,1.569395,0.701855,3.120535,3.120535,OfficeIMO.Excel,212.1% slower than OfficeIMO,13901057.600000,13901056.000000,9.064009,,,,,,,,,,,,16964,Create the equivalent real-world report workbook with chart creation before pivot creation.,.\Docs\benchmarks\anti-cheat-current\officeimo.excel.anti-cheat-speed-100.json
100,speed-comparison,other,Anti-cheat report variants,realworld-report-extra-column,OfficeIMO.Excel,7.793060,6.320600,3.210987,1.435997,1.000000,1.000000,OfficeIMO.Excel,Win,1576896.000000,1576872.000000,1.000000,,,,,,,,,,,,20727,Create the real-world report workbook with an extra derived column.,.\Docs\benchmarks\anti-cheat-current\officeimo.excel.anti-cheat-speed-100.json
100,speed-comparison,other,Anti-cheat report variants,realworld-report-extra-column,EPPlus 4.5.3.3,9.171620,9.226800,0.000000,0.000000,1.176896,1.176896,OfficeIMO.Excel,17.7% slower than OfficeIMO,0.000000,0.000000,,,,,,,,,,,,,15273,EPPlus 4.x create the real-world report workbook with an extra derived column.,.\Docs\benchmarks\anti-cheat-current\officeimo.excel.anti-cheat-speed-100.json
100,speed-comparison,other,Anti-cheat report variants,realworld-report-extra-column,EPPlus,18.376440,17.827200,1.551388,0.693802,2.358052,2.358052,OfficeIMO.Excel,135.8% slower than OfficeIMO,14198617.600000,14198608.000000,9.004156,,,,,,,,,,,,17434,Create the equivalent real-world report workbook with an extra derived column.,.\Docs\benchmarks\anti-cheat-current\officeimo.excel.anti-cheat-speed-100.json
100,speed-comparison,mutate,AutoFit and mutation,realworld-report-no-autofit,OfficeIMO.Excel,4.822800,4.770500,0.302261,0.135175,1.000000,1.000000,OfficeIMO.Excel,Win,1526132.800000,1526128.000000,1.000000,,,,,,,,,,,,20102,Create the real-world report workbook without AutoFit to check the fast path is not tied to width measurement.,.\Docs\benchmarks\anti-cheat-current\officeimo.excel.anti-cheat-speed-100.json
100,speed-comparison,mutate,AutoFit and mutation,realworld-report-no-autofit,EPPlus 4.5.3.3,5.902580,5.858300,0.000000,0.000000,1.223891,1.223891,OfficeIMO.Excel,22.4% slower than OfficeIMO,0.000000,0.000000,,,,,,,,,,,,,14629,EPPlus 4.x create the real-world report workbook without AutoFit.,.\Docs\benchmarks\anti-cheat-current\officeimo.excel.anti-cheat-speed-100.json
100,speed-comparison,mutate,AutoFit and mutation,realworld-report-no-autofit,EPPlus,14.602220,14.325200,1.442091,0.644923,3.027747,3.027747,OfficeIMO.Excel,202.8% slower than OfficeIMO,12450740.800000,12450736.000000,8.158360,,,,,,,,,,,,16898,Create the equivalent real-world report workbook without AutoFit.,.\Docs\benchmarks\anti-cheat-current\officeimo.excel.anti-cheat-speed-100.json
100,speed-comparison,other,Anti-cheat report variants,realworld-report-post-mutation,OfficeIMO.Excel,6.911880,7.020100,0.182918,0.081803,1.000000,1.000000,OfficeIMO.Excel,Win,1543004.800000,1542992.000000,1.000000,,,,,,,,,,,,20301,Create the real-world report workbook and then make a normal cell edit after report features are added.,.\Docs\benchmarks\anti-cheat-current\officeimo.excel.anti-cheat-speed-100.json
100,speed-comparison,other,Anti-cheat report variants,realworld-report-post-mutation,EPPlus 4.5.3.3,8.196020,8.037300,0.000000,0.000000,1.185787,1.185787,OfficeIMO.Excel,18.6% slower than OfficeIMO,0.000000,0.000000,,,,,,,,,,,,,14832,EPPlus 4.x create the real-world report workbook and then make a normal cell edit after report features are added.,.\Docs\benchmarks\anti-cheat-current\officeimo.excel.anti-cheat-speed-100.json
100,speed-comparison,other,Anti-cheat report variants,realworld-report-post-mutation,EPPlus,17.243880,17.157300,1.398053,0.625228,2.494818,2.494818,OfficeIMO.Excel,149.5% slower than OfficeIMO,13901891.200000,13901896.000000,9.009623,,,,,,,,,,,,17004,Create the equivalent real-world report workbook and then make a normal cell edit after report features are added.,.\Docs\benchmarks\anti-cheat-current\officeimo.excel.anti-cheat-speed-100.json
100,speed-comparison,other,Anti-cheat report variants,realworld-report-shuffled-columns,OfficeIMO.Excel,5.681940,5.450100,0.517584,0.231471,1.000000,1.000000,OfficeIMO.Excel,Win,1531771.200000,1531760.000000,1.000000,,,,,,,,,,,,20119,Create the real-world report workbook with the same fields in a different column order.,.\Docs\benchmarks\anti-cheat-current\officeimo.excel.anti-cheat-speed-100.json
100,speed-comparison,other,Anti-cheat report variants,realworld-report-shuffled-columns,EPPlus 4.5.3.3,8.895260,8.828100,0.000000,0.000000,1.565532,1.565532,OfficeIMO.Excel,56.6% slower than OfficeIMO,0.000000,0.000000,,,,,,,,,,,,,14853,EPPlus 4.x create the real-world report workbook with the same fields in a different column order.,.\Docs\benchmarks\anti-cheat-current\officeimo.excel.anti-cheat-speed-100.json
100,speed-comparison,other,Anti-cheat report variants,realworld-report-shuffled-columns,EPPlus,18.175960,16.314200,3.092318,1.382927,3.198900,3.198900,OfficeIMO.Excel,219.9% slower than OfficeIMO,13896344.000000,13896344.000000,9.072076,,,,,,,,,,,,17027,Create the equivalent real-world report workbook with the same fields in a different column order.,.\Docs\benchmarks\anti-cheat-current\officeimo.excel.anti-cheat-speed-100.json
2500,package-profile,package,Package size,realworld-report-all-in-one,OfficeIMO.Excel,23.188580,22.803400,1.384305,0.619080,1.000000,1.000000,OfficeIMO.Excel,Win,10928643.200000,10928544.000000,1.000000,215071,1.000000,144338,167,493,342,2507,20026,4,4,5,,"Create a sales workbook with table, AutoFit, freeze panes, filters, conditional formatting, pivot table, chart, and save.",.\Docs\benchmarks\anti-cheat-current\officeimo.excel.anti-cheat-package-2500.json
2500,package-profile,package,Package size,realworld-report-all-in-one,EPPlus,76.598920,78.108300,5.501567,2.460376,3.303304,3.303304,OfficeIMO.Excel,230.3% slower than OfficeIMO,55902043.200000,55902040.000000,5.115186,124759,0.580083,113902,558,372,340,2507,20026,53,53,1,,"Create a sales workbook with table, AutoFit, freeze panes, filters, conditional formatting, pivot table, chart, and save.",.\Docs\benchmarks\anti-cheat-current\officeimo.excel.anti-cheat-package-2500.json
2500,package-profile,package,Package size,realworld-report-chart-first,OfficeIMO.Excel,20.009880,19.091300,2.575897,1.151976,1.000000,1.000000,OfficeIMO.Excel,Win,10928960.000000,10928952.000000,1.000000,215054,1.000000,144338,167,493,342,2507,20026,4,4,5,,Create the real-world report workbook with chart creation before pivot creation.,.\Docs\benchmarks\anti-cheat-current\officeimo.excel.anti-cheat-package-2500.json
2500,package-profile,package,Package size,realworld-report-chart-first,EPPlus,76.366120,75.540300,5.976564,2.672801,3.816421,3.816421,OfficeIMO.Excel,281.6% slower than OfficeIMO,55901478.400000,55901480.000000,5.114986,124750,0.580087,113894,558,372,340,2507,20026,53,53,1,,Create the equivalent real-world report workbook with chart creation before pivot creation.,.\Docs\benchmarks\anti-cheat-current\officeimo.excel.anti-cheat-package-2500.json
2500,package-profile,package,Package size,realworld-report-extra-column,OfficeIMO.Excel,18.801980,18.025200,2.543173,1.137342,1.000000,1.000000,OfficeIMO.Excel,Win,11887910.400000,11887832.000000,1.000000,231656,1.000000,154292,167,493,351,2507,22527,4,4,5,,Create the real-world report workbook with an extra derived column.,.\Docs\benchmarks\anti-cheat-current\officeimo.excel.anti-cheat-package-2500.json
2500,package-profile,package,Package size,realworld-report-extra-column,EPPlus,72.551180,71.814400,2.444392,1.093165,3.858699,3.858699,OfficeIMO.Excel,285.9% slower than OfficeIMO,60645744.000000,60645744.000000,5.101464,131441,0.567397,120538,585,372,348,2507,22527,55,55,1,,Create the equivalent real-world report workbook with an extra derived column.,.\Docs\benchmarks\anti-cheat-current\officeimo.excel.anti-cheat-package-2500.json
2500,package-profile,package,Package size,realworld-report-no-autofit,OfficeIMO.Excel,19.153300,18.943900,2.219939,0.992787,1.000000,1.000000,OfficeIMO.Excel,Win,10922388.800000,10922440.000000,1.000000,214939,1.000000,144220,167,493,342,2507,20026,4,4,5,,Create the real-world report workbook without AutoFit to check the fast path is not tied to width measurement.,.\Docs\benchmarks\anti-cheat-current\officeimo.excel.anti-cheat-package-2500.json
2500,package-profile,package,Package size,realworld-report-no-autofit,EPPlus,64.310080,65.236200,5.051446,2.259075,3.357650,3.357650,OfficeIMO.Excel,235.8% slower than OfficeIMO,33695664.000000,33695664.000000,3.085009,124677,0.580058,113820,558,372,340,2507,20026,53,53,1,,Create the equivalent real-world report workbook without AutoFit.,.\Docs\benchmarks\anti-cheat-current\officeimo.excel.anti-cheat-package-2500.json
2500,package-profile,package,Package size,realworld-report-post-mutation,OfficeIMO.Excel,17.543420,18.110800,0.900208,0.402585,1.000000,1.000000,OfficeIMO.Excel,Win,10937960.000000,10937896.000000,1.000000,215121,1.000000,144376,192,493,342,2508,20027,4,4,5,,Create the real-world report workbook and then make a normal cell edit after report features are added.,.\Docs\benchmarks\anti-cheat-current\officeimo.excel.anti-cheat-package-2500.json
2500,package-profile,package,Package size,realworld-report-post-mutation,EPPlus,72.211600,72.295400,4.451544,1.990791,4.116164,4.116164,OfficeIMO.Excel,311.6% slower than OfficeIMO,55902177.600000,55902176.000000,5.110841,124793,0.580106,113909,585,372,340,2508,20027,53,53,1,,Create the equivalent real-world report workbook and then make a normal cell edit after report features are added.,.\Docs\benchmarks\anti-cheat-current\officeimo.excel.anti-cheat-package-2500.json
2500,package-profile,package,Package size,realworld-report-shuffled-columns,OfficeIMO.Excel,16.165080,16.543500,1.265512,0.565954,1.000000,1.000000,OfficeIMO.Excel,Win,10933392.000000,10933608.000000,1.000000,219681,1.000000,141202,167,493,341,2507,20026,4,4,5,,Create the real-world report workbook with the same fields in a different column order.,.\Docs\benchmarks\anti-cheat-current\officeimo.excel.anti-cheat-package-2500.json
2500,package-profile,package,Package size,realworld-report-shuffled-columns,EPPlus,69.476220,70.709400,3.167674,1.416627,4.297920,4.297920,OfficeIMO.Excel,329.8% slower than OfficeIMO,55898729.600000,55898728.000000,5.112661,127292,0.579440,116440,555,372,339,2507,20026,53,53,1,,Create the equivalent real-world report workbook with the same fields in a different column order.,.\Docs\benchmarks\anti-cheat-current\officeimo.excel.anti-cheat-package-2500.json
2500,speed-comparison,other,Real-world report,realworld-report-all-in-one,OfficeIMO.Excel,19.571760,18.513000,3.340235,1.493798,1.000000,1.000000,OfficeIMO.Excel,Win,10929120.000000,10929072.000000,1.000000,,,,,,,,,,,,215057,"Create a sales workbook with table, AutoFit, freeze panes, filters, conditional formatting, pivot table, chart, and save.",.\Docs\benchmarks\anti-cheat-current\officeimo.excel.anti-cheat-speed-2500.json
2500,speed-comparison,other,Real-world report,realworld-report-all-in-one,EPPlus,93.084460,94.749800,14.276640,6.384707,4.756060,4.756060,OfficeIMO.Excel,375.6% slower than OfficeIMO,56438006.400000,56570688.000000,5.164003,,,,,,,,,,,,124755,"Create a sales workbook with table, AutoFit, freeze panes, filters, conditional formatting, pivot table, chart, and save.",.\Docs\benchmarks\anti-cheat-current\officeimo.excel.anti-cheat-speed-2500.json
2500,speed-comparison,other,Real-world report,realworld-report-all-in-one,EPPlus 4.5.3.3,118.731240,123.972900,0.000000,0.000000,6.066457,6.066457,OfficeIMO.Excel,506.6% slower than OfficeIMO,0.000000,0.000000,,,,,,,,,,,,,122574,"EPPlus 4.x create a sales workbook with table, AutoFit, freeze panes, filters, conditional formatting, data validation, pivot table, chart, and save.",.\Docs\benchmarks\anti-cheat-current\officeimo.excel.anti-cheat-speed-2500.json
2500,speed-comparison,other,Anti-cheat report variants,realworld-report-chart-first,OfficeIMO.Excel,24.496900,24.863200,5.279221,2.360940,1.000000,1.000000,OfficeIMO.Excel,Win,10928916.800000,10928760.000000,1.000000,,,,,,,,,,,,215060,Create the real-world report workbook with chart creation before pivot creation.,.\Docs\benchmarks\anti-cheat-current\officeimo.excel.anti-cheat-speed-2500.json
2500,speed-comparison,other,Anti-cheat report variants,realworld-report-chart-first,EPPlus 4.5.3.3,79.311400,77.318800,0.000000,0.000000,3.237610,3.237610,OfficeIMO.Excel,223.8% slower than OfficeIMO,0.000000,0.000000,,,,,,,,,,,,,122575,EPPlus 4.x create the real-world report workbook with chart creation before pivot creation.,.\Docs\benchmarks\anti-cheat-current\officeimo.excel.anti-cheat-speed-2500.json
2500,speed-comparison,other,Anti-cheat report variants,realworld-report-chart-first,EPPlus,83.018060,80.930200,9.206025,4.117059,3.388921,3.388921,OfficeIMO.Excel,238.9% slower than OfficeIMO,55901908.800000,55902032.000000,5.115046,,,,,,,,,,,,124749,Create the equivalent real-world report workbook with chart creation before pivot creation.,.\Docs\benchmarks\anti-cheat-current\officeimo.excel.anti-cheat-speed-2500.json
2500,speed-comparison,other,Anti-cheat report variants,realworld-report-extra-column,OfficeIMO.Excel,22.921460,22.969400,3.905444,1.746568,1.000000,1.000000,OfficeIMO.Excel,Win,11888116.800000,11888144.000000,1.000000,,,,,,,,,,,,231653,Create the real-world report workbook with an extra derived column.,.\Docs\benchmarks\anti-cheat-current\officeimo.excel.anti-cheat-speed-2500.json
2500,speed-comparison,other,Anti-cheat report variants,realworld-report-extra-column,EPPlus,83.466440,82.419000,3.397041,1.519203,3.641410,3.641410,OfficeIMO.Excel,264.1% slower than OfficeIMO,60645603.200000,60645584.000000,5.101363,,,,,,,,,,,,131443,Create the equivalent real-world report workbook with an extra derived column.,.\Docs\benchmarks\anti-cheat-current\officeimo.excel.anti-cheat-speed-2500.json
2500,speed-comparison,other,Anti-cheat report variants,realworld-report-extra-column,EPPlus 4.5.3.3,97.393640,99.742300,0.000000,0.000000,4.249016,4.249016,OfficeIMO.Excel,324.9% slower than OfficeIMO,0.000000,0.000000,,,,,,,,,,,,,129274,EPPlus 4.x create the real-world report workbook with an extra derived column.,.\Docs\benchmarks\anti-cheat-current\officeimo.excel.anti-cheat-speed-2500.json
2500,speed-comparison,mutate,AutoFit and mutation,realworld-report-no-autofit,OfficeIMO.Excel,18.679900,18.421700,1.569035,0.701694,1.000000,1.000000,OfficeIMO.Excel,Win,10922380.800000,10922296.000000,1.000000,,,,,,,,,,,,214937,Create the real-world report workbook without AutoFit to check the fast path is not tied to width measurement.,.\Docs\benchmarks\anti-cheat-current\officeimo.excel.anti-cheat-speed-2500.json
2500,speed-comparison,mutate,AutoFit and mutation,realworld-report-no-autofit,EPPlus 4.5.3.3,39.997640,38.665700,0.000000,0.000000,2.141213,2.141213,OfficeIMO.Excel,114.1% slower than OfficeIMO,0.000000,0.000000,,,,,,,,,,,,,122389,EPPlus 4.x create the real-world report workbook without AutoFit.,.\Docs\benchmarks\anti-cheat-current\officeimo.excel.anti-cheat-speed-2500.json
2500,speed-comparison,mutate,AutoFit and mutation,realworld-report-no-autofit,EPPlus,66.286340,67.452400,6.893759,3.082983,3.548538,3.548538,OfficeIMO.Excel,254.9% slower than OfficeIMO,33696849.600000,33696904.000000,3.085119,,,,,,,,,,,,124679,Create the equivalent real-world report workbook without AutoFit.,.\Docs\benchmarks\anti-cheat-current\officeimo.excel.anti-cheat-speed-2500.json
2500,speed-comparison,other,Anti-cheat report variants,realworld-report-post-mutation,OfficeIMO.Excel,20.150740,19.829400,1.639067,0.733013,1.000000,1.000000,OfficeIMO.Excel,Win,10937876.800000,10937680.000000,1.000000,,,,,,,,,,,,215128,Create the real-world report workbook and then make a normal cell edit after report features are added.,.\Docs\benchmarks\anti-cheat-current\officeimo.excel.anti-cheat-speed-2500.json
2500,speed-comparison,other,Anti-cheat report variants,realworld-report-post-mutation,EPPlus,72.726060,72.038100,2.636304,1.178991,3.609101,3.609101,OfficeIMO.Excel,260.9% slower than OfficeIMO,55902100.800000,55902104.000000,5.110873,,,,,,,,,,,,124793,Create the equivalent real-world report workbook and then make a normal cell edit after report features are added.,.\Docs\benchmarks\anti-cheat-current\officeimo.excel.anti-cheat-speed-2500.json
2500,speed-comparison,other,Anti-cheat report variants,realworld-report-post-mutation,EPPlus 4.5.3.3,78.843660,77.727500,0.000000,0.000000,3.912693,3.912693,OfficeIMO.Excel,291.3% slower than OfficeIMO,0.000000,0.000000,,,,,,,,,,,,,122613,EPPlus 4.x create the real-world report workbook and then make a normal cell edit after report features are added.,.\Docs\benchmarks\anti-cheat-current\officeimo.excel.anti-cheat-speed-2500.json
2500,speed-comparison,other,Anti-cheat report variants,realworld-report-shuffled-columns,OfficeIMO.Excel,19.777940,20.403300,1.861983,0.832704,1.000000,1.000000,OfficeIMO.Excel,Win,10933512.000000,10933544.000000,1.000000,,,,,,,,,,,,219691,Create the real-world report workbook with the same fields in a different column order.,.\Docs\benchmarks\anti-cheat-current\officeimo.excel.anti-cheat-speed-2500.json
2500,speed-comparison,other,Anti-cheat report variants,realworld-report-shuffled-columns,EPPlus,82.999480,83.964600,9.532883,4.263235,4.196569,4.196569,OfficeIMO.Excel,319.7% slower than OfficeIMO,55898702.400000,55898568.000000,5.112603,,,,,,,,,,,,127291,Create the equivalent real-world report workbook with the same fields in a different column order.,.\Docs\benchmarks\anti-cheat-current\officeimo.excel.anti-cheat-speed-2500.json
2500,speed-comparison,other,Anti-cheat report variants,realworld-report-shuffled-columns,EPPlus 4.5.3.3,102.118720,104.347900,0.000000,0.000000,5.163264,5.163264,OfficeIMO.Excel,416.3% slower than OfficeIMO,0.000000,0.000000,,,,,,,,,,,,,125107,EPPlus 4.x create the real-world report workbook with the same fields in a different column order.,.\Docs\benchmarks\anti-cheat-current\officeimo.excel.anti-cheat-speed-2500.json
25000,package-profile,package,Package size,realworld-report-all-in-one,OfficeIMO.Excel,47.155160,48.685200,4.193000,1.875167,1.000000,1.000000,OfficeIMO.Excel,Win,16217003.200000,16216792.000000,1.000000,1471628,1.000000,1461319,167,493,343,25007,200026,4,4,5,,"Create a sales workbook with table, AutoFit, freeze panes, filters, conditional formatting, pivot table, chart, and save.",.\Docs\benchmarks\anti-cheat-current\officeimo.excel.anti-cheat-package-25000.json
25000,package-profile,package,Package size,realworld-report-all-in-one,EPPlus,491.412460,493.642300,14.011435,6.266104,10.421181,10.421181,OfficeIMO.Excel,942.1% slower than OfficeIMO,283724318.400000,283723896.000000,17.495484,1124091,0.763842,1113233,558,372,341,25007,200026,53,53,1,,"Create a sales workbook with table, AutoFit, freeze panes, filters, conditional formatting, pivot table, chart, and save.",.\Docs\benchmarks\anti-cheat-current\officeimo.excel.anti-cheat-package-25000.json
25000,package-profile,package,Package size,realworld-report-chart-first,OfficeIMO.Excel,46.064160,44.106900,4.087151,1.827829,1.000000,1.000000,OfficeIMO.Excel,Win,16216614.400000,16215792.000000,1.000000,1471633,1.000000,1461321,167,493,343,25007,200026,4,4,5,,Create the real-world report workbook with chart creation before pivot creation.,.\Docs\benchmarks\anti-cheat-current\officeimo.excel.anti-cheat-package-25000.json
25000,package-profile,package,Package size,realworld-report-chart-first,EPPlus,478.182860,476.555800,20.218892,9.042163,10.380801,10.380801,OfficeIMO.Excel,938.1% slower than OfficeIMO,283722769.600000,283722768.000000,17.495808,1124093,0.763841,1113236,558,372,341,25007,200026,53,53,1,,Create the equivalent real-world report workbook with chart creation before pivot creation.,.\Docs\benchmarks\anti-cheat-current\officeimo.excel.anti-cheat-package-25000.json
25000,package-profile,package,Package size,realworld-report-extra-column,OfficeIMO.Excel,49.365980,48.759600,1.795654,0.803041,1.000000,1.000000,OfficeIMO.Excel,Win,16515710.400000,16515504.000000,1.000000,1568211,1.000000,1557889,167,493,352,25007,225027,4,4,5,,Create the real-world report workbook with an extra derived column.,.\Docs\benchmarks\anti-cheat-current\officeimo.excel.anti-cheat-package-25000.json
25000,package-profile,package,Package size,realworld-report-extra-column,EPPlus,551.810980,553.591000,19.336264,8.647440,11.177961,11.177961,OfficeIMO.Excel,1017.8% slower than OfficeIMO,310024800.000000,310024800.000000,18.771509,1194241,0.761531,1183337,585,372,349,25007,225027,55,55,1,,Create the equivalent real-world report workbook with an extra derived column.,.\Docs\benchmarks\anti-cheat-current\officeimo.excel.anti-cheat-package-25000.json
25000,package-profile,package,Package size,realworld-report-no-autofit,OfficeIMO.Excel,42.537620,41.951500,1.569181,0.701759,1.000000,1.000000,OfficeIMO.Excel,Win,16209246.400000,16209656.000000,1.000000,1471505,1.000000,1461188,167,493,343,25007,200026,4,4,5,,Create the real-world report workbook without AutoFit to check the fast path is not tied to width measurement.,.\Docs\benchmarks\anti-cheat-current\officeimo.excel.anti-cheat-package-25000.json
25000,package-profile,package,Package size,realworld-report-no-autofit,EPPlus,441.192260,440.003000,8.798133,3.934645,10.371813,10.371813,OfficeIMO.Excel,937.2% slower than OfficeIMO,240415035.200000,240415032.000000,14.831969,1124017,0.763855,1113159,558,372,341,25007,200026,53,53,1,,Create the equivalent real-world report workbook without AutoFit.,.\Docs\benchmarks\anti-cheat-current\officeimo.excel.anti-cheat-package-25000.json
25000,package-profile,package,Package size,realworld-report-post-mutation,OfficeIMO.Excel,49.055820,50.551600,3.563950,1.593847,1.000000,1.000000,OfficeIMO.Excel,Win,16227156.800000,16226440.000000,1.000000,1471705,1.000000,1461375,192,493,343,25008,200027,4,4,5,,Create the real-world report workbook and then make a normal cell edit after report features are added.,.\Docs\benchmarks\anti-cheat-current\officeimo.excel.anti-cheat-package-25000.json
25000,package-profile,package,Package size,realworld-report-post-mutation,EPPlus,519.874160,516.001100,41.324005,18.480657,10.597604,10.597604,OfficeIMO.Excel,959.8% slower than OfficeIMO,283723800.000000,283723800.000000,17.484505,1124133,0.763830,1113248,585,372,341,25008,200027,53,53,1,,Create the equivalent real-world report workbook and then make a normal cell edit after report features are added.,.\Docs\benchmarks\anti-cheat-current\officeimo.excel.anti-cheat-package-25000.json
25000,package-profile,package,Package size,realworld-report-shuffled-columns,OfficeIMO.Excel,46.967840,44.281700,5.014361,2.242491,1.000000,1.000000,OfficeIMO.Excel,Win,16195800.000000,16196520.000000,1.000000,1449297,1.000000,1438994,167,493,342,25007,200026,4,4,5,,Create the real-world report workbook with the same fields in a different column order.,.\Docs\benchmarks\anti-cheat-current\officeimo.excel.anti-cheat-package-25000.json
25000,package-profile,package,Package size,realworld-report-shuffled-columns,EPPlus,511.955520,513.056300,16.328154,7.302172,10.900129,10.900129,OfficeIMO.Excel,990.0% slower than OfficeIMO,283718268.800000,283718272.000000,17.518015,1124759,0.776072,1113906,555,372,340,25007,200026,53,53,1,,Create the equivalent real-world report workbook with the same fields in a different column order.,.\Docs\benchmarks\anti-cheat-current\officeimo.excel.anti-cheat-package-25000.json
25000,speed-comparison,other,Real-world report,realworld-report-all-in-one,OfficeIMO.Excel,47.976960,46.461600,7.150754,3.197914,1.000000,1.000000,OfficeIMO.Excel,Win,16217412.800000,16217824.000000,1.000000,,,,,,,,,,,,1471636,"Create a sales workbook with table, AutoFit, freeze panes, filters, conditional formatting, pivot table, chart, and save.",.\Docs\benchmarks\anti-cheat-current\officeimo.excel.anti-cheat-speed-25000.json
25000,speed-comparison,other,Real-world report,realworld-report-all-in-one,EPPlus,518.556640,522.530600,45.823228,20.492771,10.808451,10.808451,OfficeIMO.Excel,980.8% slower than OfficeIMO,283723896.000000,283723896.000000,17.495016,,,,,,,,,,,,1124094,"Create a sales workbook with table, AutoFit, freeze panes, filters, conditional formatting, pivot table, chart, and save.",.\Docs\benchmarks\anti-cheat-current\officeimo.excel.anti-cheat-speed-25000.json
25000,speed-comparison,other,Real-world report,realworld-report-all-in-one,EPPlus 4.5.3.3,565.058640,552.320500,0.000000,0.000000,11.777708,11.777708,OfficeIMO.Excel,1077.8% slower than OfficeIMO,0.000000,0.000000,,,,,,,,,,,,,1121918,"EPPlus 4.x create a sales workbook with table, AutoFit, freeze panes, filters, conditional formatting, data validation, pivot table, chart, and save.",.\Docs\benchmarks\anti-cheat-current\officeimo.excel.anti-cheat-speed-25000.json
25000,speed-comparison,other,Anti-cheat report variants,realworld-report-chart-first,OfficeIMO.Excel,49.943840,49.809900,1.735026,0.775927,1.000000,1.000000,OfficeIMO.Excel,Win,16217433.600000,16218360.000000,1.000000,,,,,,,,,,,,1471620,Create the real-world report workbook with chart creation before pivot creation.,.\Docs\benchmarks\anti-cheat-current\officeimo.excel.anti-cheat-speed-25000.json
25000,speed-comparison,other,Anti-cheat report variants,realworld-report-chart-first,EPPlus,510.952320,508.136100,15.954684,7.135152,10.230537,10.230537,OfficeIMO.Excel,923.1% slower than OfficeIMO,283722768.000000,283722768.000000,17.494924,,,,,,,,,,,,1124095,Create the equivalent real-world report workbook with chart creation before pivot creation.,.\Docs\benchmarks\anti-cheat-current\officeimo.excel.anti-cheat-speed-25000.json
25000,speed-comparison,other,Anti-cheat report variants,realworld-report-chart-first,EPPlus 4.5.3.3,573.458740,566.373200,0.000000,0.000000,11.482071,11.482071,OfficeIMO.Excel,1048.2% slower than OfficeIMO,0.000000,0.000000,,,,,,,,,,,,,1121919,EPPlus 4.x create the real-world report workbook with chart creation before pivot creation.,.\Docs\benchmarks\anti-cheat-current\officeimo.excel.anti-cheat-speed-25000.json
25000,speed-comparison,other,Anti-cheat report variants,realworld-report-extra-column,OfficeIMO.Excel,50.499220,46.839400,6.371458,2.849402,1.000000,1.000000,OfficeIMO.Excel,Win,16516529.600000,16517552.000000,1.000000,,,,,,,,,,,,1568216,Create the real-world report workbook with an extra derived column.,.\Docs\benchmarks\anti-cheat-current\officeimo.excel.anti-cheat-speed-25000.json
25000,speed-comparison,other,Anti-cheat report variants,realworld-report-extra-column,EPPlus,551.638400,550.965400,11.397739,5.097224,10.923701,10.923701,OfficeIMO.Excel,992.4% slower than OfficeIMO,310025123.200000,310024800.000000,18.770597,,,,,,,,,,,,1194242,Create the equivalent real-world report workbook with an extra derived column.,.\Docs\benchmarks\anti-cheat-current\officeimo.excel.anti-cheat-speed-25000.json
25000,speed-comparison,other,Anti-cheat report variants,realworld-report-extra-column,EPPlus 4.5.3.3,632.500760,624.515100,0.000000,0.000000,12.524961,12.524961,OfficeIMO.Excel,1152.5% slower than OfficeIMO,0.000000,0.000000,,,,,,,,,,,,,1192073,EPPlus 4.x create the real-world report workbook with an extra derived column.,.\Docs\benchmarks\anti-cheat-current\officeimo.excel.anti-cheat-speed-25000.json
25000,speed-comparison,mutate,AutoFit and mutation,realworld-report-no-autofit,OfficeIMO.Excel,44.157060,45.751500,2.782453,1.244351,1.000000,1.000000,OfficeIMO.Excel,Win,16209864.000000,16210168.000000,1.000000,,,,,,,,,,,,1471496,Create the real-world report workbook without AutoFit to check the fast path is not tied to width measurement.,.\Docs\benchmarks\anti-cheat-current\officeimo.excel.anti-cheat-speed-25000.json
25000,speed-comparison,mutate,AutoFit and mutation,realworld-report-no-autofit,EPPlus 4.5.3.3,283.911980,287.940600,0.000000,0.000000,6.429594,6.429594,OfficeIMO.Excel,543.0% slower than OfficeIMO,0.000000,0.000000,,,,,,,,,,,,,1121721,EPPlus 4.x create the real-world report workbook without AutoFit.,.\Docs\benchmarks\anti-cheat-current\officeimo.excel.anti-cheat-speed-25000.json
25000,speed-comparison,mutate,AutoFit and mutation,realworld-report-no-autofit,EPPlus,473.369500,465.939900,17.298789,7.736253,10.720132,10.720132,OfficeIMO.Excel,972.0% slower than OfficeIMO,240415036.800000,240415040.000000,14.831404,,,,,,,,,,,,1124017,Create the equivalent real-world report workbook without AutoFit.,.\Docs\benchmarks\anti-cheat-current\officeimo.excel.anti-cheat-speed-25000.json
25000,speed-comparison,other,Anti-cheat report variants,realworld-report-post-mutation,OfficeIMO.Excel,47.576000,48.753300,3.439745,1.538301,1.000000,1.000000,OfficeIMO.Excel,Win,16225011.200000,16223880.000000,1.000000,,,,,,,,,,,,1471717,Create the real-world report workbook and then make a normal cell edit after report features are added.,.\Docs\benchmarks\anti-cheat-current\officeimo.excel.anti-cheat-speed-25000.json
25000,speed-comparison,other,Anti-cheat report variants,realworld-report-post-mutation,EPPlus,516.587840,515.954400,20.499519,9.167664,10.858160,10.858160,OfficeIMO.Excel,985.8% slower than OfficeIMO,283723798.400000,283723800.000000,17.486817,,,,,,,,,,,,1124134,Create the equivalent real-world report workbook and then make a normal cell edit after report features are added.,.\Docs\benchmarks\anti-cheat-current\officeimo.excel.anti-cheat-speed-25000.json
25000,speed-comparison,other,Anti-cheat report variants,realworld-report-post-mutation,EPPlus 4.5.3.3,613.640060,598.714300,0.000000,0.000000,12.898101,12.898101,OfficeIMO.Excel,1189.8% slower than OfficeIMO,0.000000,0.000000,,,,,,,,,,,,,1121956,EPPlus 4.x create the real-world report workbook and then make a normal cell edit after report features are added.,.\Docs\benchmarks\anti-cheat-current\officeimo.excel.anti-cheat-speed-25000.json
25000,speed-comparison,other,Anti-cheat report variants,realworld-report-shuffled-columns,OfficeIMO.Excel,45.021180,44.541900,2.527085,1.130147,1.000000,1.000000,OfficeIMO.Excel,Win,16195385.600000,16196000.000000,1.000000,,,,,,,,,,,,1449302,Create the real-world report workbook with the same fields in a different column order.,.\Docs\benchmarks\anti-cheat-current\officeimo.excel.anti-cheat-speed-25000.json
25000,speed-comparison,other,Anti-cheat report variants,realworld-report-shuffled-columns,EPPlus,485.371800,483.329100,8.377734,3.746637,10.780966,10.780966,OfficeIMO.Excel,978.1% slower than OfficeIMO,283718326.400000,283718272.000000,17.518467,,,,,,,,,,,,1124761,Create the equivalent real-world report workbook with the same fields in a different column order.,.\Docs\benchmarks\anti-cheat-current\officeimo.excel.anti-cheat-speed-25000.json
25000,speed-comparison,other,Anti-cheat report variants,realworld-report-shuffled-columns,EPPlus 4.5.3.3,568.826340,571.723000,0.000000,0.000000,12.634639,12.634639,OfficeIMO.Excel,1163.5% slower than OfficeIMO,0.000000,0.000000,,,,,,,,,,,,,1122578,EPPlus 4.x create the real-world report workbook with the same fields in a different column order.,.\Docs\benchmarks\anti-cheat-current\officeimo.excel.anti-cheat-speed-25000.json
